name,pos,nfl,age,rank
Jaxon Smith-Njigba,WR,SEA,24.4,1
Jahmyr Gibbs,RB,DET,24.3,2
Ja'Marr Chase,WR,CIN,26.3,3
Bijan Robinson,RB,ATL,24.4,4
Puka Nacua,WR,LAR,25.1,5
Amon-Ra St. Brown,WR,DET,26.7,6
Malik Nabers,WR,NYG,22.9,7
Justin Jefferson,WR,MIN,27,8
Jeremiyah Love,RB,ARI,21.1,9
Ashton Jeanty,RB,LV,22.6,10
Brock Bowers,TE,LV,23.5,11
CeeDee Lamb,WR,DAL,27.2,12
Drake London,WR,ATL,24.9,13
Omarion Hampton,RB,LAC,23.3,14
Trey McBride,TE,ARI,26.6,15
Tetairoa McMillan,WR,CAR,23.2,16
Devon Achane,RB,MIA,24.7,17
George Pickens,WR,DAL,25.3,18
Josh Allen,QB,BUF,30.1,19
Carnell Tate,WR,TEN,21.4,20
Drake Maye,QB,NE,23.8,21
James Cook,RB,BUF,26.8,22
Colston Loveland,TE,CHI,22.2,23
Jonathan Taylor,RB,IND,27.4,24
Rashee Rice,WR,KC,26.2,25
Emeka Egbuka,WR,TB,23.7,26
Nico Collins,WR,HOU,27.3,27
Chris Olave,WR,NO,26,28
Garrett Wilson,WR,NYJ,25.9,29
Jayden Daniels,QB,WAS,25.5,30
Kenneth Walker,RB,KC,25.7,31
Jordyn Tyson,WR,NO,21.9,32
Chase Brown,RB,CIN,26.3,33
Luther Burden,WR,CHI,22.5,34
Makai Lemon,WR,PHI,22.1,35
Ladd McConkey,WR,LAC,24.6,36
Breece Hall,RB,NYJ,25.1,37
Lamar Jackson,QB,BAL,29.5,38
Caleb Williams,QB,CHI,24.6,39
Jadarian Price,RB,SEA,22.7,40
TreVeyon Henderson,RB,NE,23.7,41
Quinshon Judkins,RB,CLE,22.7,42
Tyler Warren,TE,IND,24.1,43
Rome Odunze,WR,CHI,24.1,44
Zay Flowers,WR,BAL,25.8,45
Joe Burrow,QB,CIN,29.5,46
Christian McCaffrey,RB,SF,30.1,47
Tee Higgins,WR,CIN,27.4,48
Brian Thomas,WR,JAX,23.7,49
A.J. Brown,WR,NE,29,50
DeVonta Smith,WR,PHI,27.6,51
Patrick Mahomes,QB,KC,30.8,52
Kyren Williams,RB,LAR,25.8,53
Cam Skattebo,RB,NYG,24.4,54
Marvin Harrison,WR,ARI,23.9,55
Saquon Barkley,RB,PHI,29.4,56
Bucky Irving,RB,TB,23.9,57
Harold Fannin,TE,CLE,21.9,58
Tucker Kraft,TE,GB,25.7,59
Jaylen Waddle,WR,DEN,27.6,60
Jameson Williams,WR,DET,25.3,61
Javonte Williams,RB,DAL,26.2,62
Travis Etienne,RB,NO,27.4,63
KC Concepcion,WR,CLE,21.8,64
Jaxson Dart,QB,NYG,23.1,65
Bhayshul Tuten,RB,JAX,23.4,66
Justin Herbert,QB,LAC,28.3,67
Jalen Hurts,QB,PHI,27.9,68
Trevor Lawrence,QB,JAX,26.7,69
Kenyon Sadiq,TE,NYJ,21.3,70
Travis Hunter,WR,JAX,23.1,71
Omar Cooper Jr.,WR,NYJ,22.5,72
Josh Jacobs,RB,GB,28.4,73
Kyle Pitts,TE,ATL,25.7,74
Jordan Addison,WR,MIN,24.4,75
Brock Purdy,QB,SF,26.5,76
Bo Nix,QB,DEN,26.3,77
Sam LaPorta,TE,DET,25.5,78
Alec Pierce,WR,IND,26.2,79
Derrick Henry,RB,BAL,32.5,80
DJ Moore,WR,BUF,29.2,81
Michael Wilson,WR,ARI,26.3,82
Christian Watson,WR,GB,27.1,83
D'Andre Swift,RB,CHI,27.5,84
Terry McLaurin,WR,WAS,30.8,85
Davante Adams,WR,LAR,33.5,86
David Montgomery,RB,HOU,29.1,87
Dak Prescott,QB,DAL,32.9,88
Mike Evans,WR,SF,32.9,89
Michael Pittman,WR,PIT,28.7,90
Fernando Mendoza,QB,LV,22.7,91
Wan'Dale Robinson,WR,TEN,25.5,92
Oronde Gadsden,TE,LAC,23,93
Jonah Coleman,RB,DEN,22.9,94
Xavier Worthy,WR,KC,23.2,95
DK Metcalf,WR,PIT,28.5,96
Quentin Johnston,WR,LAC,24.8,97
RJ Harvey,RB,DEN,25.4,98
Ricky Pearsall,WR,SF,25.8,99
Jordan Love,QB,GB,27.7,100
Denzel Boston,WR,CLE,22.6,101
Jared Goff,QB,DET,31.7,102
George Kittle,TE,SF,32.7,103
Eli Stowers,TE,PHI,23.2,104
Parker Washington,WR,JAX,24.3,105
Dalton Kincaid,TE,BUF,26.7,106
Jaylen Warren,RB,PIT,27.7,107
Chuba Hubbard,RB,CAR,27,108
Baker Mayfield,QB,TB,31.2,109
Matthew Golden,WR,GB,22.9,110
Jonathon Brooks,RB,CAR,22.9,111
Kyle Monangai,RB,CHI,24.1,112
Kyler Murray,QB,MIN,28.9,113
Josh Downs,WR,IND,24.9,114
Jayden Higgins,WR,HOU,23.5,115
Tyler Shough,QB,NO,26.8,116
Cam Ward,QB,TEN,24.1,117
Jake Ferguson,TE,DAL,27.4,118
Chris Godwin,WR,TB,30.3,119
Courtland Sutton,WR,DEN,30.7,120
Isaiah Likely,TE,NYG,26.2,121
Jayden Reed,WR,GB,26.2,122
Jakobi Meyers,WR,JAX,29.6,123
Rico Dowdle,RB,PIT,28,124
C.J. Stroud,QB,HOU,24.7,125
Rhamondre Stevenson,RB,NE,28.3,126
Blake Corum,RB,LAR,25.6,127
Romeo Doubs,WR,NE,26.2,128
Brenton Strange,TE,JAX,25.5,129
Rachaad White,RB,WAS,27.5,130
Zach Charbonnet,RB,SEA,25.5,131
Sam Darnold,QB,SEA,29.1,132
Germie Bernard,WR,PIT,22.6,133
Ty Simpson,QB,LAR,23.5,134
Kenneth Gainwell,RB,TB,27.3,135
Jacory Croskey-Merritt,RB,WAS,25.2,136
Jalen Coker,WR,CAR,24.7,137
Tony Pollard,RB,TEN,29.2,138
Bryce Young,QB,CAR,24.9,139
J.K. Dobbins,RB,DEN,27.5,140
Daniel Jones,QB,IND,29.1,141
Brandon Aiyuk,WR,SF,28.3,142
Chris Rodriguez,RB,JAX,26.8,143
Tyler Allgeier,RB,ARI,26.2,144
Tyrone Tracy,RB,NYG,26.6,145
Max Klare,TE,LAR,23,146
Nicholas Singleton,RB,TEN,22.5,147
Elijah Sarratt,WR,BAL,23.1,148
Matthew Stafford,QB,LAR,38.4,149
Antonio Williams,WR,WAS,22,150
Jalen McMillan,WR,TB,24.6,151
Dallas Goedert,TE,PHI,31.5,152
Jordan Mason,RB,MIN,27.1,153
Woody Marks,RB,HOU,25.5,154
Malik Willis,QB,MIA,27.1,155
Jauan Jennings,WR,MIN,29,156
Chris Bell,WR,MIA,22,157
Deebo Samuel,WR,,30.5,158
Khalil Shakir,WR,BUF,26.4,159
Aaron Jones,RB,MIN,31.6,160
AJ Barner,TE,SEA,24.2,161
Rashid Shaheed,WR,SEA,27.8,162
Isiah Pacheco,RB,DET,27.3,163
Chig Okonkwo,TE,WAS,26.8,164
Troy Franklin,WR,DEN,23.4,165
T.J. Hockenson,TE,MIN,29,166
Dylan Sampson,RB,CLE,21.8,167
Zachariah Branch,WR,ATL,22.2,168
Kaytron Allen,RB,WAS,23.5,169
Jaylin Noel,WR,HOU,23.8,170
Mark Andrews,TE,BAL,30.8,171
Terrance Ferguson,TE,LAR,23.3,172
Tyjae Spears,RB,TEN,25,173
Eli Raridon,TE,NE,22.4,174
De'Zhaun Stribling,WR,SF,23.5,175
Stefon Diggs,WR,,32.6,176
Jack Bech,WR,LV,23.5,177
Michael Penix,QB,ATL,26.1,178
Chris Brazzell II,WR,CAR,22,179
Gunnar Helm,TE,TEN,23.8,180
Kaelon Black,RB,SF,24.7,181
Tua Tagovailoa,QB,ATL,28.3,182
Ja'Kobi Lane,WR,BAL,21.9,183
Travis Kelce,TE,KC,36.7,184
David Njoku,TE,LAC,30,185
Tre Harris,WR,LAC,24.3,186
Ted Hurst,WR,TB,22,187
Kayshon Boutte,WR,NE,24.1,188
Elic Ayomanor,WR,TEN,23,189
Alvin Kamara,RB,NO,30.9,190
Emmett Johnson,RB,KC,22.7,191
Chimere Dike,WR,TEN,23.5,192
Tory Horton,WR,SEA,23.6,193
Jerry Jeudy,WR,CLE,27.2,194
Kaleb Johnson,RB,PIT,22.9,195
Tank Bigsby,RB,PHI,24.8,196
Drew Allar,QB,PIT,22.3,197
Braelon Allen,RB,NYJ,22.4,198
Carson Beck,QB,ARI,23.6,199
Keon Coleman,WR,BUF,23.1,200
Demond Claiborne,RB,MIN,22.7,201
Tyreek Hill,WR,,32.3,202
Shedeur Sanders,QB,CLE,24.4,203
Brian Robinson,RB,ATL,27.3,204
Hunter Henry,TE,NE,31.6,205
Juwan Johnson,TE,NO,29.8,206
Isaac TeSlaa,WR,DET,24.4,207
Mason Taylor,TE,NYJ,22.1,208
Tez Johnson,WR,TB,24.1,209
Jacoby Brissett,QB,ARI,33.5,210
Adonai Mitchell,WR,NYJ,23.7,211
Dalton Schultz,TE,HOU,30.0,212
Geno Smith,QB,NYJ,35.7,213
Malachi Fields,WR,NYG,22.0,214
Pat Bryant,WR,DEN,23.6,215
Skyler Bell,WR,BUF,24.0,216
Caleb Douglas,WR,MIA,22.8,217
Tre Tucker,WR,LV,25.3,218
Calvin Ridley,WR,TEN,31.5,219
Mike Washington Jr.,RB,LV,23.0,220
Kyle Williams,WR,NE,23.6,221
Oscar Delp,TE,NO,22.9,222
Darnell Mooney,WR,NYG,28.7,223
Justin Joly,TE,DEN,22.0,224
J.J. McCarthy,QB,MIN,23.4,225
Trey Benson,RB,ARI,23.9,226
Mac Jones,QB,SF,27.8,227
Cade Otton,TE,TB,27.2,228
Kimani Vidal,RB,LAC,24.8,229
Keaton Mitchell,RB,LAC,24.4,230
Pat Freiermuth,TE,PIT,27.7,231
Theo Johnson,TE,NYG,25.3,232
Devin Neal,RB,NO,22.9,233
Malik Washington,WR,MIA,25.5,234
Adam Randall,RB,BAL,22.0,235
DJ Giddens,RB,IND,22.8,236
Ray Davis,RB,BUF,26.6,237
Elijah Arroyo,TE,SEA,23.2,238
Xavier Legette,WR,CAR,25.4,239
Aaron Rodgers,QB,PIT,42.6,240
Taysom Hill,TE,,35.8,241
Deshaun Watson,QB,CLE,30.8,242
Jordan James,RB,SF,22.2,243
Keenan Allen,WR,,34.2,244
Anthony Richardson,QB,IND,24.1,245
Jaydon Blue,RB,DAL,22.5,246
Justin Fields,QB,KC,27.3,247
Bryce Lance,WR,NO,23.0,248
Colby Parkinson,TE,LAR,27.5,249
Jack Endries,TE,CIN,22.0,250
Cedric Tillman,WR,CLE,26.2,251
Michael Mayer,TE,LV,25.0,252
Cooper Kupp,WR,SEA,33.0,253
Ja'Tavion Sanders,TE,CAR,23.3,254
Greg Dulcich,TE,MIA,26.3,255
Joe Mixon,RB,,29.9,256
Emanuel Wilson,RB,SEA,27.1,257
James Conner,RB,ARI,31.2,258
Tank Dell,WR,HOU,26.7,259
Kirk Cousins,QB,LV,37.9,260
Sean Tucker,RB,TB,24.7,261
Evan Engram,TE,DEN,31.8,262
Ollie Gordon II,RB,MIA,22.5,263
Eli Heidenreich,RB,PIT,23.0,264
Brashard Smith,RB,KC,23.2,265
Devaughn Vele,WR,NO,28.5,266
Jam Miller,RB,NE,22.2,267
Rashod Bateman,WR,BAL,26.6,268
Ryan Flournoy,WR,DAL,26.7,269
Zach Wilson,QB,NO,26.9,270
Jalen Milroe,QB,SEA,23.5,271
Cade Klubnik,QB,NYJ,22.7,272
Dontayvion Wicks,WR,PHI,25,273
Najee Harris,RB,,28.3,274
Isaiah Davis,RB,NYJ,24.3,275
Jalen Nailor,WR,LV,27.3,276
Marvin Mims,WR,DEN,24.3,277
Jarquez Hunter,RB,LAR,23.5,278
Jaylen Wright,RB,MIA,23.2,279
Seth McGowan,RB,IND,24,280
Hollywood Brown,WR,PHI,29.1,281
Ben Sinnott,TE,WAS,24,282
Kendre Miller,RB,NO,24,283
Gardner Minshew,QB,ARI,30.1,284
Zach Ertz,TE,,35.6,285
Desmond Reid,RB,,21.9,286
J'Mari Taylor,RB,JAX,24,287
Taylen Green,QB,CLE,23.7,288
Tanner Koziol,TE,JAX,22,289
Isaac Guerendo,RB,SF,26,290
Brenen Thompson,WR,LAC,22.9,291
Jonnu Smith,TE,,30.9,292
Luke Musgrave,TE,GB,25.8,293
Trevor Etienne,RB,CAR,22,294
Jaydn Ott,RB,KC,23.5,295
Tahj Brooks,RB,CIN,24.1,296
George Holani,RB,SEA,26.5,297
Raheim Sanders,RB,CLE,24,298
Joe Flacco,QB,CIN,41.4,299
Sam Roush,TE,CHI,22,300
Ja'Lynn Polk,WR,NO,24.2,301
Christian Kirk,WR,SF,29.6,302
Erick All,TE,CIN,25.8,303
Cole Payton,QB,PHI,23.7,304
Jalen Tolbert,WR,MIA,27.3,305
Don'te Thornton Jr.,WR,LV,23.6,306
Barion Brown,WR,NO,22.5,307
Mike Gesicki,TE,CIN,30.7,308
Kareem Hunt,RB,,30.9,309
Cole Beck,WR,,31.3,310
Darnell Washington,TE,PIT,24.9,311
Noah Gray,TE,KC,27.2,312
Jerome Ford,RB,WAS,26.8,313
Nick Chubb,RB,,30.5,314
Kevin Coleman Jr.,WR,MIA,22.8,315
Russell Wilson,QB,,37.6,316
Dillon Gabriel,QB,CLE,25.5,317
Marlin Klein,TE,HOU,23.8,318
Cole Kmet,TE,CHI,27.3,319
Elijah Moore,WR,PHI,26.3,320
Savion Williams,WR,GB,24.6,321
Eric McAlister,WR,,,322
Spencer Rattler,QB,NO,25.7,323
DeMario Douglas,WR,NE,25.6,324
Zavion Thomas,WR,CHI,22,325
Gabe Davis,WR,,27.2,326
Audric Estime,RB,NO,22.8,327
Dawson Knox,TE,BUF,29.6,328
Efton Chism,WR,NE,24,329
Jake Browning,QB,TB,30.2,330
MarShawn Lloyd,RB,GB,25.5,331
Sam Howell,QB,DAL,25.8,332
Roman Wilson,WR,PIT,25,333
Roschon Johnson,RB,CHI,25.4,334
Damien Martinez,RB,GB,22.4,335
LeQuint Allen,RB,JAX,21.9,336
Jalen Royals,WR,KC,23.4,337
C.J. Daniels,WR,LAR,24,338
Jameis Winston,QB,NYG,32.5,339
Jordan Whittington,WR,LAR,25.7,340
Darren Waller,TE,,33.8,341
Garrett Nussmeier,QB,KC,24.4,342
Justice Hill,RB,BAL,28.6,343
Treylon Burks,WR,WAS,26.3,344
Lewis Bond,WR,HOU,23,345
Curtis Samuel,WR,,29.9,346
Will Levis,QB,TEN,27,347
Devin Singletary,RB,NYG,28.8,348
Tai Felton,WR,MIN,23.3,349
Austin Ekeler,RB,,31.1,350
Cyrus Allen,WR,KC,23,351
Amari Cooper,WR,,32,352
Marcus Mariota,QB,WAS,32.7,353
Isaiah Bond,WR,CLE,22.3,354
Andrei Iosivas,WR,CIN,26.7,355
Daniel Bellinger,TE,TEN,25.8,356
Jimmy Horn Jr.,WR,CAR,23.8,357
Adam Thielen,WR,,35.9,358
Jake Tonges,TE,SF,27,359
Antonio Gibson,RB,,28,360
Deuce Vaughn,RB,,24.7,361
Cole Payton,QB,,20,362
DeAndre Hopkins,WR,,34.1,363
Will Howard,QB,PIT,24.8,364
Malachi Corley,WR,CLE,24.3,365
Emari Demercado,RB,KC,27.4,366
Phil Mafah,RB,DAL,23.7,367
Tyler Lockett,WR,,33.7,368
Quinn Ewers,QB,MIA,23.3,369
Zonovan Knight,RB,ARI,25.2,370
Kalel Mullings,RB,TEN,23.7,371
Le'Veon Moss,RB,,23.6,372
Will Shipley,RB,PHI,23.8,373
John Metchie,WR,CAR,25.9,374
Noah Brown,WR,,30.5,375
Joshua Palmer,WR,BUF,26.8,376
Raheem Mostert,RB,,34.2,377
Miles Sanders,RB,,29.2,378
Jalin Hyatt,WR,NYG,24.8,379
Xavier Restrepo,WR,TEN,24.2,380
Joe Milton,QB,DAL,26.3,381
Noah Fant,TE,NO,28.6,382
Samaje Perine,RB,CIN,30.8,383
